{"cameraMode":{"drawMode":0,"name":"Shaded","section":"Shading Mode"},"sceneLighting":true,"audioPlay":false,"sceneViewState":{"showFog":true,"showMaterialUpdate":false,"showSkybox":true,"showFlares":true,"showImageEffects":true,"showParticleSystems":true,"showVisualEffectGraphs":true,"m_FxEnabled":true},"in2DMode":false,"pivot":{"x":-11.761401176452637,"y":2.4225921630859377,"z":3.445474624633789},"rotation":{"x":0.3897158205509186,"y":0.20980289578437806,"z":-0.09166025370359421,"w":0.8920233845710754},"size":14.931122779846192,"orthographic":false}