{"cameraMode":{"drawMode":0,"name":"Shaded","section":"Shading Mode"},"sceneLighting":true,"audioPlay":false,"sceneViewState":{"showFog":true,"showMaterialUpdate":false,"showSkybox":true,"showFlares":true,"showImageEffects":true,"showParticleSystems":true,"showVisualEffectGraphs":true,"m_FxEnabled":true},"in2DMode":false,"pivot":{"x":5.199621677398682,"y":0.03591965138912201,"z":-5.071786880493164},"rotation":{"x":0.38403040170669558,"y":0.2589609622955322,"z":-0.11313732713460922,"w":0.8790105581283569},"size":16.922216415405275,"orthographic":false}