{"cameraMode":{"drawMode":0,"name":"Shaded","section":"Shading Mode"},"sceneLighting":true,"audioPlay":false,"sceneViewState":{"showFog":true,"showMaterialUpdate":false,"showSkybox":true,"showFlares":true,"showImageEffects":true,"showParticleSystems":true,"showVisualEffectGraphs":true,"m_FxEnabled":true},"in2DMode":false,"pivot":{"x":1.3907356262207032,"y":1.4697160720825196,"z":-2.0955028533935549},"rotation":{"x":-0.061133261770009997,"y":0.9294460415840149,"z":-0.17953121662139893,"w":-0.31648871302604678},"size":10.323674201965332,"orthographic":false}